早餐,/caipu/fenlei7136465/,一日三餐
午餐,/caipu/fenlei7136466/,一日三餐
晚餐,/caipu/fenlei246877422/,一日三餐
宵夜,/caipu/fenlei246877600/,一日三餐
快手菜,/caipu/fenlei7136487/,家常菜谱
汤羹,/caipu/fenlei257352866/,家常菜谱
素食,/caipu/fenlei257352874/,家常菜谱
川菜,/caipu/fenlei257352920/,家常菜谱
粤菜,/caipu/fenlei257352988/,家常菜谱
下酒菜,/caipu/fenlei7136545/,家常菜谱
下饭菜,/caipu/fenlei7136544/,家常菜谱
家常菜,/caipu/fenlei7136536/,家常菜谱
凉菜沙拉,/caipu/fenlei257353007/,家常菜谱
点心,/caipu/fenlei257353317/,主食小吃
粥品,/caipu/fenlei257353301/,主食小吃
面食,/caipu/fenlei234457618/,主食小吃
米食,/caipu/fenlei234457427/,主食小吃
饮品,/caipu/fenlei257353329/,主食小吃
秋季时令,/caipu/fenlei257353364/,时令美食
夏季时令,/caipu/fenlei257353359/,时令美食
春季时令,/caipu/fenlei257353357/,时令美食
冬季时令,/caipu/fenlei257353370/,时令美食
禽蛋,/caipu/fenlei257353507/,食材
奶制品,/caipu/fenlei257353502/,食材
鱼虾水产,/caipu/fenlei257353487/,食材
粗粮,/caipu/fenlei257353464/,食材
蔬菜,/caipu/fenlei257353457/,食材
肉类,/caipu/fenlei257353447/,食材
水果,/caipu/fenlei257353509/,食材
宝宝辅食,/caipu/fenlei257353790/,孕婴食谱
通乳,/caipu/fenlei257353785/,孕婴食谱
月子,/caipu/fenlei257353777/,孕婴食谱
孕期,/caipu/fenlei257353775/,孕婴食谱
备孕,/caipu/fenlei257353774/,孕婴食谱
孕产食谱,/caipu/fenlei257353795/,孕婴食谱
披萨,/caipu/fenlei257354234/,烘焙甜品
饼干,/caipu/fenlei257354227/,烘焙甜品
烘焙,/caipu/fenlei257354226/,烘焙甜品
面包,/caipu/fenlei257354223/,烘焙甜品
蛋糕,/caipu/fenlei257354222/,烘焙甜品
甜点,/caipu/fenlei257354219/,烘焙甜品
补血益气,/caipu/fenlei257354397/,美容养生
健脾开胃,/caipu/fenlei257354393/,美容养生
清肺止咳,/caipu/fenlei257354387/,美容养生
温补驱寒,/caipu/fenlei257354386/,美容养生
食疗养生,/caipu/fenlei257354383/,美容养生
减脂健身,/caipu/fenlei257354379/,美容养生
经期食谱,/caipu/fenlei257354376/,美容养生
美容养颜,/caipu/fenlei257354375/,美容养生
滋阴补肾,/caipu/fenlei257354402/,美容养生
宴客聚会,/caipu/fenlei257354571/,场景
一人食,/caipu/fenlei257354574/,场景
二人世界,/caipu/fenlei257354575/,场景
便当,/caipu/fenlei257354577/,场景
亲子派对,/caipu/fenlei257354579/,场景
宿舍,/caipu/fenlei257354580/,场景
下午茶,/caipu/fenlei257490384/,场景
风味小吃,/caipu/fenlei257354592/,奇趣发现
火锅,/caipu/fenlei257354595/,奇趣发现
寿司,/caipu/fenlei257354597/,奇趣发现
煲仔饭,/caipu/fenlei257354603/,奇趣发现
地方特色,/caipu/fenlei257354604/,奇趣发现
节日美食,/caipu/fenlei257354605/,奇趣发现
异国风情,/caipu/fenlei257354608/,奇趣发现
